metric,family,cell,arm,events,opportunities,exposure,exposure_lo,exposure_hi,rate,rate_lo,rate_hi,p,suppressed,conditional,bh_survives
slam,A. Round outcome,for,bc,4392.0,40000.0,50.0,50.0,50.0,0.1098,0.106799375,0.11272625,,False,False,False
slam,A. Round outcome,for,subject,4285.0,40000.0,50.0,50.0,50.0,0.107125,0.104425,0.10995,,False,False,False
slam,A. Round outcome,for,delta,-107.0,0.0,0.0,0.0,0.0,-0.002674999999999997,-0.006650625000000003,0.0015006249999999978,0.191,False,False,False
slam,A. Round outcome,against,bc,4392.0,40000.0,50.0,50.0,50.0,0.1098,0.106799375,0.11272625,,False,False,False
slam,A. Round outcome,against,subject,4285.0,40000.0,50.0,50.0,50.0,0.107125,0.104425,0.10995,,False,False,False
slam,A. Round outcome,against,delta,-107.0,0.0,0.0,0.0,0.0,-0.002674999999999997,-0.006650625000000003,0.0015006249999999978,0.191,False,False,False
round_points,A. Round outcome,total,bc,0.0,40000.0,50.0,50.0,50.0,0.0,0.0,0.0,,False,False,False
round_points,A. Round outcome,total,subject,0.0,40000.0,50.0,50.0,50.0,0.0,0.0,0.0,,False,False,False
round_points,A. Round outcome,total,delta,0.0,0.0,0.0,0.0,0.0,0.0,0.0,0.0,1.0,False,False,False
round_points,A. Round outcome,card play,bc,0.0,40000.0,50.0,50.0,50.0,0.0,0.0,0.0,,False,False,False
round_points,A. Round outcome,card play,subject,0.0,40000.0,50.0,50.0,50.0,0.0,0.0,0.0,,False,False,False
round_points,A. Round outcome,card play,delta,0.0,0.0,0.0,0.0,0.0,0.0,0.0,0.0,1.0,False,False,False
out_position,A. Round outcome,1st,bc,20000.0,80000.0,100.0,100.0,100.0,0.25,0.25,0.25,,False,False,False
out_position,A. Round outcome,1st,subject,20000.0,80000.0,100.0,100.0,100.0,0.25,0.25,0.25,,False,False,False
out_position,A. Round outcome,1st,delta,0.0,0.0,0.0,0.0,0.0,0.0,0.0,0.0,1.0,False,False,False
out_position,A. Round outcome,2nd,bc,20000.0,80000.0,100.0,100.0,100.0,0.25,0.25,0.25,,False,False,False
out_position,A. Round outcome,2nd,subject,20000.0,80000.0,100.0,100.0,100.0,0.25,0.25,0.25,,False,False,False
out_position,A. Round outcome,2nd,delta,0.0,0.0,0.0,0.0,0.0,0.0,0.0,0.0,1.0,False,False,False
out_position,A. Round outcome,3rd,bc,15608.0,80000.0,100.0,100.0,100.0,0.1951,0.19363687499999999,0.19660031249999999,,False,False,False
out_position,A. Round outcome,3rd,subject,15715.0,80000.0,100.0,100.0,100.0,0.1964375,0.195025,0.1977875,,False,False,False
out_position,A. Round outcome,3rd,delta,107.0,0.0,0.0,0.0,0.0,0.0013374999999999915,-0.0007503125000000007,0.0033253124999999928,0.191,False,False,False
out_position,A. Round outcome,last,bc,24392.0,80000.0,100.0,100.0,100.0,0.3049,0.3033996875,0.30636312499999996,,False,False,False
out_position,A. Round outcome,last,subject,24285.0,80000.0,100.0,100.0,100.0,0.3035625,0.3022125,0.304975,,False,False,False
out_position,A. Round outcome,last,delta,-107.0,0.0,0.0,0.0,0.0,-0.0013374999999999915,-0.0033253124999999676,0.000750312500000026,0.191,False,False,False
trick_share,A. Round outcome,all,bc,219493.0,438986.0,548.7325,546.8449375,550.7403125,0.5,0.5,0.5,,False,False,False
trick_share,A. Round outcome,all,subject,220566.0,441132.0,551.415,549.634625,553.2826875000001,0.5,0.5,0.5,,False,False,False
trick_share,A. Round outcome,all,delta,1073.0,2146.0,2.6825000000000045,0.04218750000001707,5.27499999999998,0.0,0.0,0.0,1.0,False,False,False
grand_call,B. Calls,all,bc,8681.0,80000.0,100.0,100.0,100.0,0.1085125,0.1066375,0.1104378125,,False,True,False
grand_call,B. Calls,all,subject,8590.0,80000.0,100.0,100.0,100.0,0.107375,0.1054496875,0.1091753125,,False,True,False
grand_call,B. Calls,all,delta,-91.0,0.0,0.0,0.0,0.0,-0.0011374999999999996,-0.0038631250000000046,0.0015631250000000044,0.402,False,True,False
grand_call,B. Calls,power 2.0,bc,6342.0,13529.0,16.91125,16.6686875,17.15625,0.4687707886761771,0.46084996506407727,0.4768658035690727,,False,True,False
grand_call,B. Calls,power 2.0,subject,6232.0,13438.0,16.7975,16.572375,17.0425,0.4637594880190505,0.4557636145128154,0.47197722422897875,,False,True,False
grand_call,B. Calls,power 2.0,delta,-110.0,-91.0,-0.11374999999999957,-0.4487812500000004,0.23253124999999805,-0.005011300657126627,-0.01647102882136011,0.00664160599363214,0.371,False,True,False
grand_call,B. Calls,power 0.0,bc,1.0,30292.0,37.865,37.58121875,38.15375,3.301201637396012e-05,0.0,9.955342072302237e-05,,False,True,False
grand_call,B. Calls,power 0.0,subject,3.0,30146.0,37.6825,37.39625,37.96125,9.951569030717176e-05,0.0,0.00023230924239944477,,False,True,False
grand_call,B. Calls,power 0.0,delta,2.0,-146.0,-0.18250000000000455,-0.5687812500000013,0.22381250000000216,6.650367393321164e-05,-6.567391286783934e-05,0.00019980906009252496,0.269,False,True,False
grand_call,B. Calls,power 1.0,bc,102.0,33565.0,41.95625,41.6049375,42.30253125,0.0030388797854908386,0.0024692808814972943,0.00363994933938169,,False,True,False
grand_call,B. Calls,power 1.0,subject,102.0,33795.0,42.24375,41.918687500000004,42.596312499999996,0.003018197958277852,0.002434907125676553,0.003644467883786018,,False,True,False
grand_call,B. Calls,power 1.0,delta,0.0,230.0,0.2875000000000014,-0.19878124999999702,0.8075312499999973,-2.0681827212986736e-05,-0.000832024823833637,0.0008703799174933986,0.969,False,True,False
grand_call,B. Calls,power 3.0,bc,2035.0,2413.0,3.01625,2.9,3.12878125,0.8433485288023208,0.828793532938757,0.8581825741825742,,False,True,False
grand_call,B. Calls,power 3.0,subject,2042.0,2410.0,3.0125,2.8975,3.1225,0.8473029045643153,0.8333333333333334,0.8612817767178813,,False,True,False
grand_call,B. Calls,power 3.0,delta,7.0,-3.0,-0.003749999999999698,-0.1625000000000001,0.1549999999999998,0.003954375761994533,-0.017064968246138904,0.02458069806813506,0.72,False,True,False
grand_call,B. Calls,power 4.0+,bc,201.0,201.0,0.25125,0.21871875,0.28875,1.0,1.0,1.0,,False,True,False
grand_call,B. Calls,power 4.0+,subject,211.0,211.0,0.26375,0.23,0.2975,1.0,1.0,1.0,,False,True,False
grand_call,B. Calls,power 4.0+,delta,10.0,10.0,0.012500000000000011,-0.03874999999999998,0.06003124999999988,0.0,0.0,0.0,1.0,False,True,False
tichu_call,B. Calls,all,bc,10454.0,71128.0,88.91,88.7075,89.09625,0.14697446856371613,0.14485235546907269,0.14896938270263788,,False,True,False
tichu_call,B. Calls,all,subject,10604.0,71233.0,89.04125,88.8625,89.24125,0.14886358850532758,0.14677355954858465,0.15095526369579862,,False,True,False
tichu_call,B. Calls,all,delta,150.0,105.0,0.13125000000000853,-0.1299999999999958,0.41124999999999545,0.0018891199416114501,-0.001030538294394956,0.004960608587947902,0.206,False,True,False
tichu_call,B. Calls,power 1.0,bc,1265.0,26540.0,33.175,32.85121875,33.49125,0.04766390354182366,0.04512931854292178,0.05013773472905436,,False,True,False
tichu_call,B. Calls,power 1.0,subject,1327.0,26724.0,33.405,33.0725,33.71753125,0.04965574015865888,0.04702401932856857,0.0521374094207628,,False,True,False
tichu_call,B. Calls,power 1.0,delta,62.0,184.0,0.23000000000000398,-0.2462812500000034,0.6925625000000022,0.0019918366168352186,-0.0015550873650825889,0.005422194669011242,0.295,False,True,False
tichu_call,B. Calls,power 2.0,bc,3702.0,17427.0,21.78375,21.4724375,22.07375,0.2124289894990532,0.2070452662923611,0.21785858424405832,,False,True,False
tichu_call,B. Calls,power 2.0,subject,3731.0,17605.0,22.00625,21.724937500000003,22.31625,0.21192842942345924,0.20637926444785556,0.21729845098917588,,False,True,False
tichu_call,B. Calls,power 2.0,delta,29.0,178.0,0.22250000000000014,-0.20128125000000158,0.6537812499999986,-0.0005005600755939588,-0.00832948763325583,0.0072886952167889995,0.911,False,True,False
tichu_call,B. Calls,power 0.0,bc,135.0,17773.0,22.21625,21.98121875,22.44628125,0.0075957913689304,0.0063737289562602875,0.00887129860895355,,False,True,False
tichu_call,B. Calls,power 0.0,subject,134.0,17549.0,21.93625,21.70240625,22.16875,0.007635762721522594,0.006388062729736635,0.008933349210178583,,False,True,False
tichu_call,B. Calls,power 0.0,delta,-1.0,-224.0,-0.2799999999999976,-0.5999999999999979,0.04003124999999904,3.9971352592193914e-05,-0.0018512888780230447,0.0017779421544753297,0.957,False,True,False
tichu_call,B. Calls,power 3.0,bc,4010.0,7716.0,9.645,9.466218750000001,9.83503125,0.5196993260756869,0.509189002821919,0.5299291411293554,,False,True,False
tichu_call,B. Calls,power 3.0,subject,4083.0,7710.0,9.6375,9.4675,9.815,0.5295719844357977,0.5183179411533443,0.5401230341253125,,False,True,False
tichu_call,B. Calls,power 3.0,delta,73.0,-6.0,-0.007500000000000284,-0.26374999999999993,0.2562812499999995,0.009872658360110753,-0.005227488430632582,0.025120495700625498,0.216,False,True,False
tichu_call,B. Calls,power 4.0+,bc,1342.0,1672.0,2.09,1.99371875,2.1875,0.8026315789473685,0.7841726618705036,0.8214517068317323,,False,True,False
tichu_call,B. Calls,power 4.0+,subject,1329.0,1645.0,2.05625,1.95746875,2.14875,0.8079027355623101,0.7894713289787715,0.8275872424148286,,False,True,False
tichu_call,B. Calls,power 4.0+,delta,-13.0,-27.0,-0.03374999999999995,-0.16878125000000016,0.10503124999999981,0.005271156614941597,-0.020708729180564298,0.0317876359557879,0.68,False,True,False
tichu_call_context,B. Calls,opponent called,bc,1679.0,25068.0,31.335,31.05496875,31.62,0.06697782032870592,0.06382606163056993,0.07013904089507128,,False,True,False
tichu_call_context,B. Calls,opponent called,subject,1719.0,24952.0,31.19,30.908687500000003,31.465,0.0688922731644758,0.06571990257875276,0.07206086089216635,,False,True,False
tichu_call_context,B. Calls,opponent called,delta,40.0,-116.0,-0.14499999999999957,-0.5562499999999986,0.2562812500000011,0.001914452835769881,-0.002466536262278865,0.006311780157955263,0.425,False,True,False
tichu_call_context,B. Calls,nobody called,bc,8775.0,32013.0,40.01625,39.449937500000004,40.57625,0.27410739387123984,0.2696616286055121,0.27893138953820856,,False,True,False
tichu_call_context,B. Calls,nobody called,subject,8882.0,32226.0,40.2825,39.75,40.84375,0.2756159622664929,0.27094772694664293,0.28008511532563324,,False,True,False
tichu_call_context,B. Calls,nobody called,delta,107.0,213.0,0.26624999999999943,-0.49374999999999875,1.0515312500000016,0.0015085683952530404,-0.005194287498435245,0.007882986340756164,0.654,False,True,False
tichu_call_context,B. Calls,partner called,bc,0.0,14047.0,17.55875,17.3686875,17.74878125,0.0,0.0,0.0,,False,True,False
tichu_call_context,B. Calls,partner called,subject,3.0,14055.0,17.56875,17.37996875,17.751281249999998,0.00021344717182497332,0.0,0.0004972385563142398,,False,True,False
tichu_call_context,B. Calls,partner called,delta,3.0,8.0,0.010000000000001563,-0.26253124999999927,0.278781250000002,0.00021344717182497332,0.0,0.0004972385563142398,0.102,False,True,False
call_success,B. Calls,grand,bc,5703.0,8681.0,10.85125,10.66375,11.043781249999999,0.6569519640594401,0.6478518980510949,0.6667045329096727,,False,True,False
call_success,B. Calls,grand,subject,5561.0,8590.0,10.7375,10.54496875,10.91753125,0.6473806752037252,0.6377920847643961,0.6567095489184458,,False,True,False
call_success,B. Calls,grand,delta,-142.0,-91.0,-0.11374999999999957,-0.3863125000000004,0.1563124999999997,-0.009571288855714899,-0.023146805256122997,0.003618310608317818,0.151,False,True,False
call_success,B. Calls,tichu,bc,7768.0,10454.0,13.0675,12.8575,13.25875,0.7430648555576813,0.7351409456872383,0.7507908605797262,,False,True,False
call_success,B. Calls,tichu,subject,7855.0,10604.0,13.255,13.0536875,13.45625,0.7407582044511505,0.7328173991682895,0.7482724462220017,,False,True,False
call_success,B. Calls,tichu,delta,87.0,150.0,0.1875,-0.09378125000000001,0.48128124999999916,-0.0023066511065308326,-0.01295451066006672,0.008503685469449296,0.658,False,True,False
call_bonus,B. Calls,net,bc,1053200.0,40000.0,50.0,50.0,50.0,26.33,25.4624375,27.220125,,False,False,False
call_bonus,B. Calls,net,subject,1017000.0,40000.0,50.0,50.0,50.0,25.425,24.5425,26.262874999999998,,False,False,False
call_bonus,B. Calls,net,delta,-36200.0,0.0,0.0,0.0,0.0,-0.9049999999999976,-2.16,0.2875000000000014,0.134,False,False,False
schupfen_card,C. Schupfen,to next: 10,bc,1125.0,80000.0,100.0,100.0,100.0,0.0140625,0.0132875,0.0148375,,False,True,False
schupfen_card,C. Schupfen,to next: 10,subject,1155.0,80000.0,100.0,100.0,100.0,0.0144375,0.013625,0.0152625,,False,True,False
schupfen_card,C. Schupfen,to next: 10,delta,30.0,0.0,0.0,0.0,0.0,0.00037500000000000033,-0.0007749999999999996,0.0015499999999999993,0.548,False,True,False
schupfen_card,C. Schupfen,to next: 2,bc,33083.0,80000.0,100.0,100.0,100.0,0.4135375,0.4101371875,0.416875,,False,True,False
schupfen_card,C. Schupfen,to next: 2,subject,33114.0,80000.0,100.0,100.0,100.0,0.413925,0.4105121875,0.4173628125,,False,True,False
schupfen_card,C. Schupfen,to next: 2,delta,31.0,0.0,0.0,0.0,0.0,0.0003874999999999851,-0.003987812500000032,0.00498749999999998,0.859,False,True,False
schupfen_card,C. Schupfen,to next: 3,bc,2466.0,80000.0,100.0,100.0,100.0,0.030825,0.02965,0.0319875,,False,True,False
schupfen_card,C. Schupfen,to next: 3,subject,2606.0,80000.0,100.0,100.0,100.0,0.032575,0.0313625,0.033775,,False,True,False
schupfen_card,C. Schupfen,to next: 3,delta,140.0,0.0,0.0,0.0,0.0,0.001749999999999998,0.00016218750000000296,0.0034253124999999956,0.031,False,True,False
schupfen_card,C. Schupfen,to next: 4,bc,16609.0,80000.0,100.0,100.0,100.0,0.2076125,0.204874375,0.21052531249999998,,False,True,False
schupfen_card,C. Schupfen,to next: 4,subject,16641.0,80000.0,100.0,100.0,100.0,0.2080125,0.2051621875,0.2107009375,,False,True,False
schupfen_card,C. Schupfen,to next: 4,delta,32.0,0.0,0.0,0.0,0.0,0.0003999999999999837,-0.003438437500000009,0.004425312499999983,0.864,False,True,False
schupfen_card,C. Schupfen,to next: 5,bc,3354.0,80000.0,100.0,100.0,100.0,0.041925,0.040625,0.043337812499999996,,False,True,False
schupfen_card,C. Schupfen,to next: 5,subject,3317.0,80000.0,100.0,100.0,100.0,0.0414625,0.0400375,0.04280031249999999,,False,True,False
schupfen_card,C. Schupfen,to next: 5,delta,-37.0,0.0,0.0,0.0,0.0,-0.00046249999999999764,-0.002375000000000002,0.0015000000000000013,0.649,False,True,False
schupfen_card,C. Schupfen,to next: 6,bc,10068.0,80000.0,100.0,100.0,100.0,0.12585,0.123586875,0.128125,,False,True,False
schupfen_card,C. Schupfen,to next: 6,subject,9857.0,80000.0,100.0,100.0,100.0,0.1232125,0.1208625,0.1254628125,,False,True,False
schupfen_card,C. Schupfen,to next: 6,delta,-211.0,0.0,0.0,0.0,0.0,-0.002637499999999987,-0.006025312499999989,0.0004875000000000018,0.103,False,True,False
schupfen_card,C. Schupfen,to next: 7,bc,2739.0,80000.0,100.0,100.0,100.0,0.0342375,0.0329996875,0.0354625,,False,True,False
schupfen_card,C. Schupfen,to next: 7,subject,2798.0,80000.0,100.0,100.0,100.0,0.034975,0.0338121875,0.036225,,False,True,False
schupfen_card,C. Schupfen,to next: 7,delta,59.0,0.0,0.0,0.0,0.0,0.000737500000000002,-0.0009250000000000022,0.0025000000000000022,0.406,False,True,False
schupfen_card,C. Schupfen,to next: 8,bc,5864.0,80000.0,100.0,100.0,100.0,0.0733,0.071575,0.0750625,,False,True,False
schupfen_card,C. Schupfen,to next: 8,subject,5815.0,80000.0,100.0,100.0,100.0,0.0726875,0.0708371875,0.0744753125,,False,True,False
schupfen_card,C. Schupfen,to next: 8,delta,-49.0,0.0,0.0,0.0,0.0,-0.0006125000000000019,-0.0030881249999999932,0.0017625000000000002,0.632,False,True,False
schupfen_card,C. Schupfen,to next: 9,bc,1942.0,80000.0,100.0,100.0,100.0,0.024275,0.02325,0.0253128125,,False,True,False
schupfen_card,C. Schupfen,to next: 9,subject,1967.0,80000.0,100.0,100.0,100.0,0.0245875,0.0235125,0.0256625,,False,True,False
schupfen_card,C. Schupfen,to next: 9,delta,25.0,0.0,0.0,0.0,0.0,0.0003125000000000003,-0.0011378124999999997,0.0018250000000000002,0.684,False,True,False
schupfen_card,C. Schupfen,to next: J,bc,269.0,80000.0,100.0,100.0,100.0,0.0033625,0.002975,0.003762812499999998,,False,True,False
schupfen_card,C. Schupfen,to next: J,subject,281.0,80000.0,100.0,100.0,100.0,0.0035125,0.0031,0.00395,,False,True,False
schupfen_card,C. Schupfen,to next: J,delta,12.0,0.0,0.0,0.0,0.0,0.00014999999999999996,-0.00043749999999999995,0.0007500000000000002,0.641,False,True,False
schupfen_card,C. Schupfen,to next: K,bc,1.0,80000.0,100.0,100.0,100.0,1.25e-05,0.0,3.75e-05,,False,True,False
schupfen_card,C. Schupfen,to next: K,subject,2.0,80000.0,100.0,100.0,100.0,2.5e-05,0.0,6.25e-05,,False,True,False
schupfen_card,C. Schupfen,to next: K,delta,1.0,0.0,0.0,0.0,0.0,1.25e-05,-2.5e-05,5e-05,0.779,False,True,False
schupfen_card,C. Schupfen,to next: Q,bc,41.0,80000.0,100.0,100.0,100.0,0.0005125,0.0003625,0.000675,,False,True,False
schupfen_card,C. Schupfen,to next: Q,subject,54.0,80000.0,100.0,100.0,100.0,0.000675,0.0005,0.00085,,False,True,False
schupfen_card,C. Schupfen,to next: Q,delta,13.0,0.0,0.0,0.0,0.0,0.0001625,-7.499999999999998e-05,0.00037531249999999837,0.197,False,True,False
schupfen_card,C. Schupfen,to next: dog,bc,2435.0,80000.0,100.0,100.0,100.0,0.0304375,0.0292625,0.031562812499999995,,False,True,False
schupfen_card,C. Schupfen,to next: dog,subject,2391.0,80000.0,100.0,100.0,100.0,0.0298875,0.0287625,0.0310125,,False,True,False
schupfen_card,C. Schupfen,to next: dog,delta,-44.0,0.0,0.0,0.0,0.0,-0.0005499999999999984,-0.0022000000000000006,0.0009878125000000006,0.498,False,True,False
schupfen_card,C. Schupfen,to next: mahjong,bc,4.0,80000.0,100.0,100.0,100.0,5e-05,1.25e-05,0.0001,,False,True,False
schupfen_card,C. Schupfen,to next: mahjong,subject,2.0,80000.0,100.0,100.0,100.0,2.5e-05,0.0,6.25e-05,,False,True,False
schupfen_card,C. Schupfen,to next: mahjong,delta,-2.0,0.0,0.0,0.0,0.0,-2.5e-05,-8.75e-05,3.75e-05,0.525,False,True,False
schupfen_card,C. Schupfen,to partner: 10,bc,4903.0,80000.0,100.0,100.0,100.0,0.0612875,0.0596996875,0.0629378125,,False,True,False
schupfen_card,C. Schupfen,to partner: 10,subject,4948.0,80000.0,100.0,100.0,100.0,0.06185,0.0602121875,0.063588125,,False,True,False
schupfen_card,C. Schupfen,to partner: 10,delta,45.0,0.0,0.0,0.0,0.0,0.0005625000000000005,-0.0017749999999999988,0.0029999999999999957,0.618,False,True,False
schupfen_card,C. Schupfen,to partner: 2,bc,35.0,80000.0,100.0,100.0,100.0,0.0004375,0.0003,0.0006,,False,True,False
schupfen_card,C. Schupfen,to partner: 2,subject,49.0,80000.0,100.0,100.0,100.0,0.0006125,0.0004375,0.0007875,,False,True,False
schupfen_card,C. Schupfen,to partner: 2,delta,14.0,0.0,0.0,0.0,0.0,0.00017499999999999997,-5.000000000000002e-05,0.00039999999999999996,0.145,False,True,False
schupfen_card,C. Schupfen,to partner: 3,bc,115.0,80000.0,100.0,100.0,100.0,0.0014375,0.001175,0.0016878124999999983,,False,True,False
schupfen_card,C. Schupfen,to partner: 3,subject,110.0,80000.0,100.0,100.0,100.0,0.001375,0.0011375,0.001625,,False,True,False
schupfen_card,C. Schupfen,to partner: 3,delta,-5.0,0.0,0.0,0.0,0.0,-6.250000000000006e-05,-0.00042500000000000003,0.00030000000000000014,0.744,False,True,False
schupfen_card,C. Schupfen,to partner: 4,bc,240.0,80000.0,100.0,100.0,100.0,0.003,0.002625,0.003375,,False,True,False
schupfen_card,C. Schupfen,to partner: 4,subject,270.0,80000.0,100.0,100.0,100.0,0.003375,0.0029875,0.0037875,,False,True,False
schupfen_card,C. Schupfen,to partner: 4,delta,30.0,0.0,0.0,0.0,0.0,0.0003749999999999999,-0.00014999999999999996,0.0009253124999999983,0.198,False,True,False
schupfen_card,C. Schupfen,to partner: 5,bc,483.0,80000.0,100.0,100.0,100.0,0.0060375,0.0055121875,0.0065625,,False,True,False
schupfen_card,C. Schupfen,to partner: 5,subject,483.0,80000.0,100.0,100.0,100.0,0.0060375,0.0055125,0.0065875,,False,True,False
schupfen_card,C. Schupfen,to partner: 5,delta,0.0,0.0,0.0,0.0,0.0,0.0,-0.0007375000000000003,0.0007625000000000002,0.999,False,True,False
schupfen_card,C. Schupfen,to partner: 6,bc,601.0,80000.0,100.0,100.0,100.0,0.0075125,0.006925,0.008125,,False,True,False
schupfen_card,C. Schupfen,to partner: 6,subject,563.0,80000.0,100.0,100.0,100.0,0.0070375,0.006425,0.007612812499999999,,False,True,False
schupfen_card,C. Schupfen,to partner: 6,delta,-38.0,0.0,0.0,0.0,0.0,-0.00047499999999999973,-0.0013249999999999998,0.0003625,0.276,False,True,False
schupfen_card,C. Schupfen,to partner: 7,bc,912.0,80000.0,100.0,100.0,100.0,0.0114,0.010675,0.0121375,,False,True,False
schupfen_card,C. Schupfen,to partner: 7,subject,895.0,80000.0,100.0,100.0,100.0,0.0111875,0.0104625,0.0119625,,False,True,False
schupfen_card,C. Schupfen,to partner: 7,delta,-17.0,0.0,0.0,0.0,0.0,-0.00021250000000000088,-0.001250312500000001,0.0008503124999999983,0.745,False,True,False
schupfen_card,C. Schupfen,to partner: 8,bc,1564.0,80000.0,100.0,100.0,100.0,0.01955,0.0186125,0.020475,,False,True,False
schupfen_card,C. Schupfen,to partner: 8,subject,1533.0,80000.0,100.0,100.0,100.0,0.0191625,0.0182121875,0.020112812499999997,,False,True,False
schupfen_card,C. Schupfen,to partner: 8,delta,-31.0,0.0,0.0,0.0,0.0,-0.0003875000000000024,-0.0017625000000000002,0.0009750000000000002,0.571,False,True,False
schupfen_card,C. Schupfen,to partner: 9,bc,2542.0,80000.0,100.0,100.0,100.0,0.031775,0.030637187500000003,0.033025312499999994,,False,True,False
schupfen_card,C. Schupfen,to partner: 9,subject,2508.0,80000.0,100.0,100.0,100.0,0.03135,0.0301125,0.03255,,False,True,False
schupfen_card,C. Schupfen,to partner: 9,delta,-34.0,0.0,0.0,0.0,0.0,-0.0004249999999999948,-0.002149999999999999,0.0012503124999999995,0.626,False,True,False
schupfen_card,C. Schupfen,to partner: A,bc,20838.0,80000.0,100.0,100.0,100.0,0.260475,0.2580746875,0.2630875,,False,True,False
schupfen_card,C. Schupfen,to partner: A,subject,20986.0,80000.0,100.0,100.0,100.0,0.262325,0.2597996875,0.2648634375,,False,True,False
schupfen_card,C. Schupfen,to partner: A,delta,148.0,0.0,0.0,0.0,0.0,0.0018499999999999628,-0.001849999999999964,0.0055375000000000285,0.316,False,True,False
schupfen_card,C. Schupfen,to partner: J,bc,6814.0,80000.0,100.0,100.0,100.0,0.085175,0.08322468749999999,0.087125,,False,True,False
schupfen_card,C. Schupfen,to partner: J,subject,6789.0,80000.0,100.0,100.0,100.0,0.0848625,0.08295,0.08671312499999999,,False,True,False
schupfen_card,C. Schupfen,to partner: J,delta,-25.0,0.0,0.0,0.0,0.0,-0.0003125000000000072,-0.0029874999999999906,0.0023625000000000035,0.792,False,True,False
schupfen_card,C. Schupfen,to partner: K,bc,10748.0,80000.0,100.0,100.0,100.0,0.13435,0.132036875,0.1366875,,False,True,False
schupfen_card,C. Schupfen,to partner: K,subject,10743.0,80000.0,100.0,100.0,100.0,0.1342875,0.132,0.1365875,,False,True,False
schupfen_card,C. Schupfen,to partner: K,delta,-5.0,0.0,0.0,0.0,0.0,-6.249999999999312e-05,-0.0033249999999999946,0.003212812500000005,0.985,False,True,False
schupfen_card,C. Schupfen,to partner: Q,bc,8216.0,80000.0,100.0,100.0,100.0,0.1027,0.10061218749999999,0.1048128125,,False,True,False
schupfen_card,C. Schupfen,to partner: Q,subject,8064.0,80000.0,100.0,100.0,100.0,0.1008,0.0987746875,0.1029378125,,False,True,False
schupfen_card,C. Schupfen,to partner: Q,delta,-152.0,0.0,0.0,0.0,0.0,-0.001899999999999999,-0.004900312500000002,0.0008874999999999994,0.205,False,True,False
schupfen_card,C. Schupfen,to partner: dog,bc,2802.0,80000.0,100.0,100.0,100.0,0.035025,0.0338,0.03625,,False,True,False
schupfen_card,C. Schupfen,to partner: dog,subject,2832.0,80000.0,100.0,100.0,100.0,0.0354,0.0341871875,0.036625,,False,True,False
schupfen_card,C. Schupfen,to partner: dog,delta,30.0,0.0,0.0,0.0,0.0,0.00037500000000000033,-0.0014003124999999983,0.0021128125000000014,0.668,False,True,False
schupfen_card,C. Schupfen,to partner: dragon,bc,11907.0,80000.0,100.0,100.0,100.0,0.1488375,0.1472246875,0.15047531249999999,,False,True,False
schupfen_card,C. Schupfen,to partner: dragon,subject,11896.0,80000.0,100.0,100.0,100.0,0.1487,0.1469625,0.1504378125,,False,True,False
schupfen_card,C. Schupfen,to partner: dragon,delta,-11.0,0.0,0.0,0.0,0.0,-0.0001375000000000126,-0.0026128124999999897,0.0022625000000000006,0.928,False,True,False
schupfen_card,C. Schupfen,to partner: mahjong,bc,1583.0,80000.0,100.0,100.0,100.0,0.0197875,0.018875,0.020825,,False,True,False
schupfen_card,C. Schupfen,to partner: mahjong,subject,1647.0,80000.0,100.0,100.0,100.0,0.0205875,0.0196,0.0215753125,,False,True,False
schupfen_card,C. Schupfen,to partner: mahjong,delta,64.0,0.0,0.0,0.0,0.0,0.0008000000000000021,-0.0006128125000000019,0.0020503125000000014,0.268,False,True,False
schupfen_card,C. Schupfen,to partner: phoenix,bc,5697.0,80000.0,100.0,100.0,100.0,0.0712125,0.0697375,0.0726878125,,False,True,False
schupfen_card,C. Schupfen,to partner: phoenix,subject,5684.0,80000.0,100.0,100.0,100.0,0.07105,0.06948718749999999,0.07255,,False,True,False
schupfen_card,C. Schupfen,to partner: phoenix,delta,-13.0,0.0,0.0,0.0,0.0,-0.00016249999999999598,-0.002200312500000007,0.0020378124999999962,0.866,False,True,False
schupfen_card,C. Schupfen,to previous: 10,bc,1266.0,80000.0,100.0,100.0,100.0,0.015825,0.0149125,0.016725,,False,True,False
schupfen_card,C. Schupfen,to previous: 10,subject,1227.0,80000.0,100.0,100.0,100.0,0.0153375,0.01445,0.0162,,False,True,False
schupfen_card,C. Schupfen,to previous: 10,delta,-39.0,0.0,0.0,0.0,0.0,-0.00048749999999999835,-0.001737812500000001,0.000725,0.438,False,True,False
schupfen_card,C. Schupfen,to previous: 2,bc,4696.0,80000.0,100.0,100.0,100.0,0.0587,0.057174687499999995,0.06026281249999999,,False,True,False
schupfen_card,C. Schupfen,to previous: 2,subject,4453.0,80000.0,100.0,100.0,100.0,0.0556625,0.054137187499999996,0.05722531249999999,,False,True,False
schupfen_card,C. Schupfen,to previous: 2,delta,-243.0,0.0,0.0,0.0,0.0,-0.0030375000000000055,-0.005250312500000004,-0.0008750000000000008,0.011,False,True,False
schupfen_card,C. Schupfen,to previous: 3,bc,26657.0,80000.0,100.0,100.0,100.0,0.3332125,0.32983687500000003,0.3364628125,,False,True,False
schupfen_card,C. Schupfen,to previous: 3,subject,26922.0,80000.0,100.0,100.0,100.0,0.336525,0.33318718750000004,0.3397759375,,False,True,False
schupfen_card,C. Schupfen,to previous: 3,delta,265.0,0.0,0.0,0.0,0.0,0.003312499999999996,-0.0014003124999999589,0.007925312500000014,0.164,False,True,False
schupfen_card,C. Schupfen,to previous: 4,bc,5364.0,80000.0,100.0,100.0,100.0,0.06705,0.065374375,0.06875,,False,True,False
schupfen_card,C. Schupfen,to previous: 4,subject,5436.0,80000.0,100.0,100.0,100.0,0.06795,0.066286875,0.069725,,False,True,False
schupfen_card,C. Schupfen,to previous: 4,delta,72.0,0.0,0.0,0.0,0.0,0.000899999999999998,-0.0014624999999999916,0.0034003124999999984,0.472,False,True,False
schupfen_card,C. Schupfen,to previous: 5,bc,15777.0,80000.0,100.0,100.0,100.0,0.1972125,0.194375,0.19988781249999998,,False,True,False
schupfen_card,C. Schupfen,to previous: 5,subject,15765.0,80000.0,100.0,100.0,100.0,0.1970625,0.19418718750000002,0.1997753125,,False,True,False
schupfen_card,C. Schupfen,to previous: 5,delta,-12.0,0.0,0.0,0.0,0.0,-0.00015000000000001124,-0.004063124999999996,0.003637499999999988,0.911,False,True,False
schupfen_card,C. Schupfen,to previous: 6,bc,4775.0,80000.0,100.0,100.0,100.0,0.0596875,0.05805,0.06135,,False,True,False
schupfen_card,C. Schupfen,to previous: 6,subject,4698.0,80000.0,100.0,100.0,100.0,0.058725,0.0571371875,0.0603375,,False,True,False
schupfen_card,C. Schupfen,to previous: 6,delta,-77.0,0.0,0.0,0.0,0.0,-0.0009624999999999981,-0.0032503125000000028,0.001425312500000001,0.409,False,True,False
schupfen_card,C. Schupfen,to previous: 7,bc,9141.0,80000.0,100.0,100.0,100.0,0.1142625,0.1121375,0.1165,,False,True,False
schupfen_card,C. Schupfen,to previous: 7,subject,9353.0,80000.0,100.0,100.0,100.0,0.1169125,0.1146746875,0.1191625,,False,True,False
schupfen_card,C. Schupfen,to previous: 7,delta,212.0,0.0,0.0,0.0,0.0,0.0026499999999999996,-0.0003259375000000057,0.005612500000000006,0.088,False,True,False
schupfen_card,C. Schupfen,to previous: 8,bc,3484.0,80000.0,100.0,100.0,100.0,0.04355,0.04215,0.044975312499999996,,False,True,False
schupfen_card,C. Schupfen,to previous: 8,subject,3487.0,80000.0,100.0,100.0,100.0,0.0435875,0.0421371875,0.044987812499999995,,False,True,False
schupfen_card,C. Schupfen,to previous: 8,delta,3.0,0.0,0.0,0.0,0.0,3.750000000000281e-05,-0.001925625000000003,0.0020134374999999883,0.989,False,True,False
schupfen_card,C. Schupfen,to previous: 9,bc,5216.0,80000.0,100.0,100.0,100.0,0.0652,0.0635246875,0.0667875,,False,True,False
schupfen_card,C. Schupfen,to previous: 9,subject,5097.0,80000.0,100.0,100.0,100.0,0.0637125,0.062,0.0654125,,False,True,False
schupfen_card,C. Schupfen,to previous: 9,delta,-119.0,0.0,0.0,0.0,0.0,-0.0014874999999999888,-0.0038499999999999923,0.0009249999999999953,0.204,False,True,False
schupfen_card,C. Schupfen,to previous: J,bc,448.0,80000.0,100.0,100.0,100.0,0.0056,0.0051,0.0060875,,False,True,False
schupfen_card,C. Schupfen,to previous: J,subject,411.0,80000.0,100.0,100.0,100.0,0.0051375,0.0046625,0.005625,,False,True,False
schupfen_card,C. Schupfen,to previous: J,delta,-37.0,0.0,0.0,0.0,0.0,-0.00046250000000000024,-0.0011503124999999999,0.0002374999999999999,0.196,False,True,False
schupfen_card,C. Schupfen,to previous: K,bc,1.0,80000.0,100.0,100.0,100.0,1.25e-05,0.0,3.75e-05,,False,True,False
schupfen_card,C. Schupfen,to previous: K,subject,3.0,80000.0,100.0,100.0,100.0,3.75e-05,0.0,8.75e-05,,False,True,False
schupfen_card,C. Schupfen,to previous: K,delta,2.0,0.0,0.0,0.0,0.0,2.4999999999999998e-05,-2.4999999999999998e-05,7.5e-05,0.445,False,True,False
schupfen_card,C. Schupfen,to previous: Q,bc,78.0,80000.0,100.0,100.0,100.0,0.000975,0.0007625,0.0012,,False,True,False
schupfen_card,C. Schupfen,to previous: Q,subject,88.0,80000.0,100.0,100.0,100.0,0.0011,0.000875,0.001325,,False,True,False
schupfen_card,C. Schupfen,to previous: Q,delta,10.0,0.0,0.0,0.0,0.0,0.0001250000000000001,-0.00019999999999999987,0.00045,0.463,False,True,False
schupfen_card,C. Schupfen,to previous: dog,bc,3095.0,80000.0,100.0,100.0,100.0,0.0386875,0.0373996875,0.0399375,,False,True,False
schupfen_card,C. Schupfen,to previous: dog,subject,3060.0,80000.0,100.0,100.0,100.0,0.03825,0.0370125,0.0395378125,,False,True,False
schupfen_card,C. Schupfen,to previous: dog,delta,-35.0,0.0,0.0,0.0,0.0,-0.0004375000000000004,-0.002187500000000002,0.0013624999999999959,0.661,False,True,False
schupfen_card,C. Schupfen,to previous: mahjong,bc,2.0,80000.0,100.0,100.0,100.0,2.5e-05,0.0,6.25e-05,,False,True,False
schupfen_card,C. Schupfen,to previous: mahjong,subject,0.0,80000.0,100.0,100.0,100.0,0.0,0.0,0.0,,False,True,False
schupfen_card,C. Schupfen,to previous: mahjong,delta,-2.0,0.0,0.0,0.0,0.0,-2.5e-05,-6.25e-05,0.0,0.278,False,True,False
special_gift,C. Schupfen,dog → kept,bc,11668.0,20000.0,25.0,25.0,25.0,0.5834,0.57655,0.59055,,False,True,False
special_gift,C. Schupfen,dog → kept,subject,11717.0,20000.0,25.0,25.0,25.0,0.58585,0.5791487500000001,0.59230125,,False,True,False
special_gift,C. Schupfen,dog → kept,delta,49.0,0.0,0.0,0.0,0.0,0.002449999999999952,-0.007301250000000081,0.012151249999999987,0.637,False,True,False
special_gift,C. Schupfen,dog → opponent,bc,5530.0,20000.0,25.0,25.0,25.0,0.2765,0.26989874999999997,0.2824,,False,True,False
special_gift,C. Schupfen,dog → opponent,subject,5451.0,20000.0,25.0,25.0,25.0,0.27255,0.2664,0.2786,,False,True,False
special_gift,C. Schupfen,dog → opponent,delta,-79.0,0.0,0.0,0.0,0.0,-0.003950000000000009,-0.012899999999999969,0.004901250000000009,0.382,False,True,False
special_gift,C. Schupfen,dog → partner,bc,2802.0,20000.0,25.0,25.0,25.0,0.1401,0.1352,0.145,,False,True,False
special_gift,C. Schupfen,dog → partner,subject,2832.0,20000.0,25.0,25.0,25.0,0.1416,0.13674875,0.1465,,False,True,False
special_gift,C. Schupfen,dog → partner,delta,30.0,0.0,0.0,0.0,0.0,0.0015000000000000013,-0.005601249999999993,0.008451250000000006,0.668,False,True,False
special_gift,C. Schupfen,dragon → kept,bc,8093.0,20000.0,25.0,25.0,25.0,0.40465,0.39809875,0.41110125000000003,,False,True,False
special_gift,C. Schupfen,dragon → kept,subject,8104.0,20000.0,25.0,25.0,25.0,0.4052,0.39824875,0.41215,,False,True,False
special_gift,C. Schupfen,dragon → kept,delta,11.0,0.0,0.0,0.0,0.0,0.0005499999999999949,-0.009050000000000002,0.010451250000000007,0.928,False,True,False
special_gift,C. Schupfen,dragon → partner,bc,11907.0,20000.0,25.0,25.0,25.0,0.59535,0.58889875,0.6019012499999999,,False,True,False
special_gift,C. Schupfen,dragon → partner,subject,11896.0,20000.0,25.0,25.0,25.0,0.5948,0.58785,0.60175125,,False,True,False
special_gift,C. Schupfen,dragon → partner,delta,-11.0,0.0,0.0,0.0,0.0,-0.0005500000000000504,-0.010451249999999959,0.009050000000000002,0.928,False,True,False
special_gift,C. Schupfen,phoenix → kept,bc,14303.0,20000.0,25.0,25.0,25.0,0.71515,0.7092487500000001,0.72105,,False,True,False
special_gift,C. Schupfen,phoenix → kept,subject,14316.0,20000.0,25.0,25.0,25.0,0.7158,0.7098,0.7220512499999999,,False,True,False
special_gift,C. Schupfen,phoenix → kept,delta,13.0,0.0,0.0,0.0,0.0,0.0006500000000000394,-0.00815124999999999,0.008801249999999915,0.866,False,True,False
special_gift,C. Schupfen,phoenix → partner,bc,5697.0,20000.0,25.0,25.0,25.0,0.28485,0.27895,0.29075125,,False,True,False
special_gift,C. Schupfen,phoenix → partner,subject,5684.0,20000.0,25.0,25.0,25.0,0.2842,0.27794874999999997,0.2902,,False,True,False
special_gift,C. Schupfen,phoenix → partner,delta,-13.0,0.0,0.0,0.0,0.0,-0.0006499999999999839,-0.008801250000000028,0.008151249999999985,0.866,False,True,False
special_gift,C. Schupfen,mahjong → kept,bc,18411.0,20000.0,25.0,25.0,25.0,0.92055,0.9164,0.9241,,False,True,False
special_gift,C. Schupfen,mahjong → kept,subject,18351.0,20000.0,25.0,25.0,25.0,0.91755,0.91354875,0.9214512499999999,,False,True,False
special_gift,C. Schupfen,mahjong → kept,delta,-60.0,0.0,0.0,0.0,0.0,-0.0030000000000000027,-0.008051250000000001,0.0026999999999999273,0.303,False,True,False
special_gift,C. Schupfen,mahjong → opponent,bc,6.0,20000.0,25.0,25.0,25.0,0.0003,0.0001,0.0005512499999999933,,False,True,False
special_gift,C. Schupfen,mahjong → opponent,subject,2.0,20000.0,25.0,25.0,25.0,0.0001,0.0,0.00025,,False,True,False
special_gift,C. Schupfen,mahjong → opponent,delta,-4.0,0.0,0.0,0.0,0.0,-0.00019999999999999998,-0.0005,5.000000000000002e-05,0.204,False,True,False
special_gift,C. Schupfen,mahjong → partner,bc,1583.0,20000.0,25.0,25.0,25.0,0.07915,0.0755,0.0833,,False,True,False
special_gift,C. Schupfen,mahjong → partner,subject,1647.0,20000.0,25.0,25.0,25.0,0.08235,0.0784,0.08630125,,False,True,False
special_gift,C. Schupfen,mahjong → partner,delta,64.0,0.0,0.0,0.0,0.0,0.0032000000000000084,-0.0024512500000000077,0.008201250000000005,0.268,False,True,False
schupfen_breaks_bomb,C. Schupfen,all,bc,158.0,3959.0,4.94875,4.801218749999999,5.095062499999999,0.039909067946451125,0.0339064710299885,0.04613874791860113,,False,True,False
schupfen_breaks_bomb,C. Schupfen,all,subject,141.0,4134.0,5.1675,5.01,5.33125,0.034107402031930335,0.028641492164155628,0.03945184106054182,,False,True,False
schupfen_breaks_bomb,C. Schupfen,all,delta,-17.0,175.0,0.21875,0.011250000000000426,0.4350000000000005,-0.00580166591452079,-0.014268985065825052,0.0020557196377589187,0.164,False,True,False
high_card_to_partner,C. Schupfen,no Grand,bc,32317.0,71319.0,89.14875,88.95621874999999,89.33625,0.4531331061848876,0.449334511747507,0.45679083202075244,,False,True,False
high_card_to_partner,C. Schupfen,no Grand,subject,32549.0,71410.0,89.2625,89.08246874999999,89.45503125,0.4558045091723848,0.4520088009044749,0.45974374535764895,,False,True,False
high_card_to_partner,C. Schupfen,no Grand,delta,232.0,91.0,0.11374999999999602,-0.15631249999999994,0.38631250000000356,0.0026714029874971845,-0.0024329602973220564,0.00806703314664008,0.356,False,True,False
high_card_to_partner,C. Schupfen,partner called Grand,bc,6125.0,8681.0,10.85125,10.66375,11.043781249999999,0.7055638751295934,0.6958289646345419,0.7147979559481601,,False,True,False
high_card_to_partner,C. Schupfen,partner called Grand,subject,6017.0,8590.0,10.7375,10.54496875,10.91753125,0.70046565774156,0.6909852241695364,0.7097566472717431,,False,True,False
high_card_to_partner,C. Schupfen,partner called Grand,delta,-108.0,-91.0,-0.11374999999999957,-0.3863125000000004,0.1563124999999997,-0.005098217388033399,-0.01821307895321805,0.008116862392910278,0.445,False,True,False
lead_type,D. Play — leading,bomb,bc,1058.0,211891.0,264.86375,264.01621875,265.74628125,0.004993133261912965,0.004685678511828359,0.005304567845627288,,False,True,False
lead_type,D. Play — leading,bomb,subject,1063.0,212910.0,266.1375,265.29609375,267.00140625,0.004992719928608332,0.0046917525632977405,0.005294565395165468,,False,True,False
lead_type,D. Play — leading,bomb,delta,5.0,1019.0,1.2737500000000068,0.05125000000003723,2.485062500000013,-4.133333046324808e-07,-0.0004305232579288658,0.0004221473199190643,0.97,False,True,False
lead_type,D. Play — leading,dog,bc,13844.0,211891.0,264.86375,264.01621875,265.74628125,0.06533547909066453,0.06473239228304681,0.06593362790245086,,False,True,False
lead_type,D. Play — leading,dog,subject,13841.0,212910.0,266.1375,265.29609375,267.00140625,0.06500868911746747,0.06440901420930484,0.06559519969600759,,False,True,False
lead_type,D. Play — leading,dog,delta,-3.0,1019.0,1.2737500000000068,0.05125000000003723,2.485062500000013,-0.0003267899731970586,-0.0011572666271211136,0.0004974483921039445,0.439,False,True,False
lead_type,D. Play — leading,full_house,bc,16450.0,211891.0,264.86375,264.01621875,265.74628125,0.07763425534826869,0.07657191357348113,0.07875082773082885,,False,True,False
lead_type,D. Play — leading,full_house,subject,16440.0,212910.0,266.1375,265.29609375,267.00140625,0.077215724954206,0.07610881993777686,0.07841603265377282,,False,True,False
lead_type,D. Play — leading,full_house,delta,-10.0,1019.0,1.2737500000000068,0.05125000000003723,2.485062500000013,-0.00041853039406268555,-0.001977993500553236,0.0011661969308155223,0.615,False,True,False
lead_type,D. Play — leading,pair,bc,35956.0,211891.0,264.86375,264.01621875,265.74628125,0.1696910203831215,0.16819604998371443,0.17123289914180428,,False,True,False
lead_type,D. Play — leading,pair,subject,36425.0,212910.0,266.1375,265.29609375,267.00140625,0.17108167770419427,0.16949458589466973,0.17259107515461716,,False,True,False
lead_type,D. Play — leading,pair,delta,469.0,1019.0,1.2737500000000068,0.05125000000003723,2.485062500000013,0.001390657321072769,-0.0008438125459109845,0.0034642946027389435,0.217,False,True,False
lead_type,D. Play — leading,pair_step,bc,14251.0,211891.0,264.86375,264.01621875,265.74628125,0.06725627799198644,0.06624871781966081,0.06829396112102672,,False,True,False
lead_type,D. Play — leading,pair_step,subject,14363.0,212910.0,266.1375,265.29609375,267.00140625,0.0674604292893711,0.0664832020574534,0.06846144462551038,,False,True,False
lead_type,D. Play — leading,pair_step,delta,112.0,1019.0,1.2737500000000068,0.05125000000003723,2.485062500000013,0.0002041512973846582,-0.0012370007826393986,0.0016582889815696417,0.769,False,True,False
lead_type,D. Play — leading,single,bc,92536.0,211891.0,264.86375,264.01621875,265.74628125,0.43671510352020615,0.43476179836161466,0.4388124898474051,,False,True,False
lead_type,D. Play — leading,single,subject,93017.0,212910.0,266.1375,265.29609375,267.00140625,0.43688412944436616,0.43481719636429045,0.4389990836411502,,False,True,False
lead_type,D. Play — leading,single,delta,481.0,1019.0,1.2737500000000068,0.05125000000003723,2.485062500000013,0.0001690259241600156,-0.0026945453943266985,0.0029679471885533,0.888,False,True,False
lead_type,D. Play — leading,straight,bc,26508.0,211891.0,264.86375,264.01621875,265.74628125,0.12510205718978154,0.12384142091258137,0.1263577909096533,,False,True,False
lead_type,D. Play — leading,straight,subject,26432.0,212910.0,266.1375,265.29609375,267.00140625,0.12414635291907379,0.12291320462113366,0.12539321942432838,,False,True,False
lead_type,D. Play — leading,straight,delta,-76.0,1019.0,1.2737500000000068,0.05125000000003723,2.485062500000013,-0.0009557042707077495,-0.0026591521917867554,0.0008081643695699017,0.308,False,True,False
lead_type,D. Play — leading,triple,bc,11288.0,211891.0,264.86375,264.01621875,265.74628125,0.053272673214058174,0.0522435295163244,0.05424224663152124,,False,True,False
lead_type,D. Play — leading,triple,subject,11329.0,212910.0,266.1375,265.29609375,267.00140625,0.053210276642712884,0.05215760926059132,0.05423206991323512,,False,True,False
lead_type,D. Play — leading,triple,delta,41.0,1019.0,1.2737500000000068,0.05125000000003723,2.485062500000013,-6.239657134528981e-05,-0.0014936393276313298,0.0013357709060670198,0.93,False,True,False
dog_lead,D. Play — leading,partner not called,bc,9023.0,21126.0,26.4075,25.96625,26.81884375,0.4271040424121935,0.41975577306053424,0.4349645326956018,,False,True,False
dog_lead,D. Play — leading,partner not called,subject,8913.0,20917.0,26.14625,25.73371875,26.5475,0.4261127312712148,0.4186924938237198,0.4338035971861152,,False,True,False
dog_lead,D. Play — leading,partner not called,delta,-110.0,-209.0,-0.2612500000000004,-0.8000000000000007,0.32631249999999784,-0.0009913111409787234,-0.01209641264129878,0.00963019841151542,0.847,False,True,False
dog_lead,D. Play — leading,partner called,bc,4821.0,9669.0,12.08625,11.771218750000001,12.412531249999999,0.4986037852932051,0.48567781745795413,0.5102613114519057,,False,True,False
dog_lead,D. Play — leading,partner called,subject,4928.0,9743.0,12.17875,11.854968750000001,12.508781249999998,0.5057990352047624,0.49371187418530377,0.5178802344388042,,False,True,False
dog_lead,D. Play — leading,partner called,delta,107.0,74.0,0.09250000000000114,-0.37124999999999986,0.5225312500000007,0.007195249911557344,-0.009237452222838798,0.024573389171861294,0.408,False,True,False
pass_despite_beat,E. Play — following,opponent,bc,135738.0,376972.0,471.215,469.07746875,473.44134375000004,0.36007448829090755,0.35776092781214147,0.36233290216743125,,False,True,False
pass_despite_beat,E. Play — following,opponent,subject,135800.0,376703.0,470.87875,468.756125,472.94259375,0.3604961999240781,0.3582484795653115,0.36271227465348654,,False,True,False
pass_despite_beat,E. Play — following,opponent,delta,62.0,-269.0,-0.33624999999995,-3.332812499999983,2.65634375,0.0004217116331705628,-0.0027978816614441433,0.0035058280989238673,0.778,False,True,False
pass_despite_beat,E. Play — following,partner,bc,93061.0,121919.0,152.39875,151.32971875,153.51128125,0.763301864352562,0.7609115212208579,0.7657467670446753,,False,True,False
pass_despite_beat,E. Play — following,partner,subject,92859.0,121915.0,152.39375,151.3436875,153.51125,0.7616700159947505,0.7591531465196166,0.7640930192049158,,False,True,False
pass_despite_beat,E. Play — following,partner,delta,-202.0,-4.0,-0.0049999999999954525,-1.5524999999999813,1.4689999999999983,-0.001631848357811494,-0.005132984918226238,0.0016698994549660003,0.373,False,True,False
pass_despite_beat,E. Play — following,"opponent, trick ≥10 pts",bc,40116.0,98453.0,123.06625,121.9961875,124.1839375,0.40746345972189774,0.4042478779463912,0.4108603950571479,,False,True,False
pass_despite_beat,E. Play — following,"opponent, trick ≥10 pts",subject,39950.0,98456.0,123.07,122.0025,124.11128125,0.4057650117819127,0.4024481398389942,0.40916687950723324,,False,True,False
pass_despite_beat,E. Play — following,"opponent, trick ≥10 pts",delta,-166.0,3.0,0.0037499999999965894,-1.5437812500000028,1.5188750000000102,-0.001698447939985026,-0.006454425109227882,0.0030435641674545493,0.464,False,True,False
pass_despite_beat,E. Play — following,"partner, trick ≥10 pts",bc,33681.0,36665.0,45.83125,45.332437500000005,46.3713125,0.9186144824764763,0.9157699453147937,0.921496434481331,,False,True,False
pass_despite_beat,E. Play — following,"partner, trick ≥10 pts",subject,33409.0,36452.0,45.565,45.0549375,46.06125,0.9165203555360474,0.9136788498552321,0.9191335231897111,,False,True,False
pass_despite_beat,E. Play — following,"partner, trick ≥10 pts",delta,-272.0,-213.0,-0.26624999999999943,-1.0062812500000013,0.4226562499999986,-0.0020941269404288754,-0.0061920985266774335,0.0018735274056799122,0.297,False,True,False
partner_overtake,E. Play — following,partner not called,bc,22420.0,87791.0,109.73875,108.672375,110.81628125,0.2553792529985989,0.2523213151187492,0.2582710483673633,,False,True,False
partner_overtake,E. Play — following,partner not called,subject,22414.0,87677.0,109.59625,108.53581249999999,110.60378125000001,0.2556428709923925,0.25275826523170264,0.25873275920221095,,False,True,False
partner_overtake,E. Play — following,partner not called,delta,-6.0,-114.0,-0.1424999999999983,-1.6216562499999896,1.2950000000000017,0.00026361799379359674,-0.0038668461051352297,0.004542027928977864,0.882,False,True,False
partner_overtake,E. Play — following,partner called,bc,6438.0,34128.0,42.66,41.98984375,43.365,0.18864275668073135,0.18433378202346795,0.19295296875268572,,False,True,False
partner_overtake,E. Play — following,partner called,subject,6642.0,34238.0,42.7975,42.1111875,43.46753125,0.19399497634207605,0.18959759717478192,0.19834762358462402,,False,True,False
partner_overtake,E. Play — following,partner called,delta,204.0,110.0,0.13750000000000284,-0.8388437500000044,1.093937499999999,0.005352219661344693,-0.0008400666089995824,0.011717210500664382,0.086,False,True,False
caller_overtake_then_fail,E. Play — following,overtook,bc,1697.0,5556.0,6.945,6.78121875,7.10625,0.3054355651547876,0.2936775483277884,0.31713477297686976,,False,True,False
caller_overtake_then_fail,E. Play — following,overtook,subject,1691.0,5634.0,7.0425,6.8775,7.2037812500000005,0.30014199503017397,0.28806436569147975,0.31189941102906915,,False,True,False
caller_overtake_then_fail,E. Play — following,overtook,delta,-6.0,78.0,0.09750000000000014,-0.12624999999999975,0.32125000000000004,-0.005293570124613622,-0.0220866310939845,0.011425394261429253,0.503,False,True,False
caller_overtake_then_fail,E. Play — following,yielded,bc,2202.0,8378.0,10.4725,10.28875,10.65253125,0.2628312246359513,0.25350056133528986,0.2718388916591378,,False,True,False
caller_overtake_then_fail,E. Play — following,yielded,subject,2321.0,8311.0,10.38875,10.20496875,10.57,0.2792684394176393,0.2699113015029204,0.2884091835299304,,False,True,False
caller_overtake_then_fail,E. Play — following,yielded,delta,119.0,-67.0,-0.08375000000000021,-0.34999999999999964,0.18374999999999986,0.01643721478168797,0.0031429423936039104,0.030025587836204227,0.018,False,True,False
caller_passivity,E. Play — following,any beat,bc,11633.0,60666.0,75.8325,74.93871874999999,76.7575,0.19175485444895,0.18740108218617546,0.19623018293398486,,False,True,False
caller_passivity,E. Play — following,any beat,subject,12140.0,61426.0,76.7825,75.79746875,77.69265625,0.19763618011916778,0.19306773955488388,0.2019840678576748,,False,True,False
caller_passivity,E. Play — following,any beat,delta,507.0,760.0,0.9500000000000028,-0.43024999999999275,2.2425312499999928,0.005881325670217791,-0.0005326656021709904,0.012187159387687734,0.074,False,True,False
caller_passivity,E. Play — following,bomb legal,bc,3764.0,10131.0,12.66375,12.137437499999999,13.222624999999999,0.37153291876418915,0.35984486739923277,0.38255264291594193,,False,True,False
caller_passivity,E. Play — following,bomb legal,subject,4072.0,10587.0,13.23375,12.6599375,13.82378125,0.38462265042032684,0.3730331772830161,0.39657078410253255,,False,True,False
caller_passivity,E. Play — following,bomb legal,delta,308.0,456.0,0.5700000000000003,-0.2525624999999995,1.3313437500000003,0.013089731656137693,-0.0032205486566566684,0.02882424629208597,0.114,False,True,False
bomb_when_legal,E. Play — following,opponent,bc,7172.0,52196.0,65.245,63.73996875,66.8050625,0.13740516514675455,0.13527554275433087,0.13955416898098796,,False,True,False
bomb_when_legal,E. Play — following,opponent,subject,7093.0,51810.0,64.7625,63.21609375,66.3876875,0.13690407257286238,0.13489409293710003,0.13903603568667286,,False,True,False
bomb_when_legal,E. Play — following,opponent,delta,-79.0,-386.0,-0.4825000000000017,-2.540437500000006,1.7779062500000011,-0.0005010925738921646,-0.0033889346531455838,0.0024491969736516726,0.758,False,True,False
bomb_when_legal,E. Play — following,partner,bc,121.0,17998.0,22.4975,21.8325,23.1651875,0.006722969218802089,0.00560678868876966,0.007964427895568844,,False,True,False
bomb_when_legal,E. Play — following,partner,subject,109.0,18015.0,22.51875,21.82478125,23.218843749999998,0.006050513461004718,0.004954724971128311,0.007217641271823958,,False,True,False
bomb_when_legal,E. Play — following,partner,delta,-12.0,17.0,0.02125000000000199,-0.9413125000000002,1.0013437499999984,-0.0006724557577973706,-0.0024637161604538728,0.0008850253322469934,0.406,False,True,False
bombs_per_round,E. Play — following,per seat-Round,bc,9002.0,80000.0,100.0,100.0,100.0,0.112525,0.1102496875,0.11486281250000001,,False,False,False
bombs_per_round,E. Play — following,per seat-Round,subject,8915.0,80000.0,100.0,100.0,100.0,0.1114375,0.1091621875,0.11386281250000001,,False,False,False
bombs_per_round,E. Play — following,per seat-Round,delta,-87.0,0.0,0.0,0.0,0.0,-0.0010875000000000051,-0.004300937499999998,0.002375000000000002,0.517,False,False,False
bomb_unplayed,E. Play — following,all,bc,805.0,9646.0,12.0575,11.831218750000001,12.29125,0.08345428156748912,0.07794800162966155,0.08905390827659734,,False,True,False
bomb_unplayed,E. Play — following,all,subject,796.0,9556.0,11.945,11.71625,12.18625,0.08329845123482629,0.07778375186818459,0.08868121979039562,,False,True,False
bomb_unplayed,E. Play — following,all,delta,-9.0,-90.0,-0.11249999999999893,-0.4462812500000009,0.2312499999999993,-0.00015583033266282353,-0.008076462750473141,0.007726195831993026,0.963,False,True,False
phoenix_use,E. Play — following,combination,bc,11128.0,19012.0,23.765,23.689968750000002,23.8425,0.5853145381864086,0.5783355895170595,0.5922939611070013,,False,True,False
phoenix_use,E. Play — following,combination,subject,10967.0,18999.0,23.74875,23.675,23.82875,0.5772409074161798,0.569985211762215,0.5841269053248299,,False,True,False
phoenix_use,E. Play — following,combination,delta,-161.0,-13.0,-0.01624999999999943,-0.12503124999999998,0.08999999999999986,-0.008073630770228712,-0.017778125812794716,0.0012908151508095548,0.109,False,True,False
phoenix_use,E. Play — following,single lead,bc,1983.0,19012.0,23.765,23.689968750000002,23.8425,0.10430254576057227,0.09999986877329274,0.1087013889527055,,False,True,False
phoenix_use,E. Play — following,single lead,subject,2071.0,18999.0,23.74875,23.675,23.82875,0.10900573714406021,0.10465508190525813,0.11325172598933843,,False,True,False
phoenix_use,E. Play — following,single lead,delta,88.0,-13.0,-0.01624999999999943,-0.12503124999999998,0.08999999999999986,0.004703191383487945,-0.0014675118225689874,0.010699258511605633,0.142,False,True,False
phoenix_use,E. Play — following,single other,bc,1112.0,19012.0,23.765,23.689968750000002,23.8425,0.0584893751314959,0.05501695246023243,0.06186594634648542,,False,True,False
phoenix_use,E. Play — following,single other,subject,1120.0,18999.0,23.74875,23.675,23.82875,0.058950471077425126,0.05560210864248763,0.0622928277479602,,False,True,False
phoenix_use,E. Play — following,single other,delta,8.0,-13.0,-0.01624999999999943,-0.12503124999999998,0.08999999999999986,0.0004610959459292255,-0.004365258543876028,0.005243401637094843,0.872,False,True,False
phoenix_use,E. Play — following,single over A,bc,4789.0,19012.0,23.765,23.689968750000002,23.8425,0.2518935409215233,0.2459260157554053,0.25804484245872994,,False,True,False
phoenix_use,E. Play — following,single over A,subject,4841.0,18999.0,23.74875,23.675,23.82875,0.25480288436233484,0.24889656577122535,0.26116464766155645,,False,True,False
phoenix_use,E. Play — following,single over A,delta,52.0,-13.0,-0.01624999999999943,-0.12503124999999998,0.08999999999999986,0.0029093434408115626,-0.005575163181193432,0.011632949721933765,0.485,False,True,False
dragon_play,E. Play — following,"follow, trick <10 pts",bc,8859.0,19031.0,23.78875,23.71371875,23.86375,0.46550365193631443,0.4587731862977577,0.4724431898861801,,False,True,False
dragon_play,E. Play — following,"follow, trick <10 pts",subject,8774.0,19014.0,23.7675,23.69125,23.84125,0.4614494582938887,0.4542912124416171,0.46849394313789766,,False,True,False
dragon_play,E. Play — following,"follow, trick <10 pts",delta,-85.0,-17.0,-0.02125000000000199,-0.12250000000000227,0.0862812499999996,-0.0040541936424257075,-0.014258630255727111,0.0056617308311323515,0.407,False,True,False
dragon_play,E. Play — following,"follow, trick ≥10 pts",bc,5386.0,19031.0,23.78875,23.71371875,23.86375,0.28301192790709895,0.27653287847415486,0.2895037606032264,,False,True,False
dragon_play,E. Play — following,"follow, trick ≥10 pts",subject,5348.0,19014.0,23.7675,23.69125,23.84125,0.28126643525823075,0.2750913089153396,0.28774716679823914,,False,True,False
dragon_play,E. Play — following,"follow, trick ≥10 pts",delta,-38.0,-17.0,-0.02125000000000199,-0.12250000000000227,0.0862812499999996,-0.0017454926488681966,-0.010851041197497217,0.007136289732077097,0.719,False,True,False
dragon_play,E. Play — following,lead,bc,4786.0,19031.0,23.78875,23.71371875,23.86375,0.2514844201565866,0.24504125641982455,0.2573447969618811,,False,True,False
dragon_play,E. Play — following,lead,subject,4892.0,19014.0,23.7675,23.69125,23.84125,0.2572841064478805,0.2510904008520089,0.26340781160967935,,False,True,False
dragon_play,E. Play — following,lead,delta,106.0,-17.0,-0.02125000000000199,-0.12250000000000227,0.0862812499999996,0.005799686291293904,-0.0033633724278087835,0.01483307963353008,0.178,False,True,False
wish_rank,F. Wish,none,bc,2137.0,19675.0,24.59375,24.54625,24.6375,0.10861499364675985,0.10408940817881636,0.11267048856992087,,False,True,False
wish_rank,F. Wish,none,subject,2153.0,19658.0,24.5725,24.52625,24.61625,0.10952284057381219,0.10534556050818723,0.11377400127068514,,False,True,False
wish_rank,F. Wish,none,delta,16.0,-17.0,-0.021249999999998437,-0.08249999999999957,0.048749999999998295,0.0009078469270523415,-0.004880861992159562,0.006997653835269051,0.755,False,True,False
wish_rank,F. Wish,2,bc,6369.0,19675.0,24.59375,24.54625,24.6375,0.323710292249047,0.31696874741687014,0.33043921980137714,,False,True,False
wish_rank,F. Wish,2,subject,6400.0,19658.0,24.5725,24.52625,24.61625,0.3255671991046902,0.31928256667095073,0.33192512139842667,,False,True,False
wish_rank,F. Wish,2,delta,31.0,-17.0,-0.021249999999998437,-0.08249999999999957,0.048749999999998295,0.001856906855643159,-0.007584838015108651,0.01060596371793735,0.715,False,True,False
wish_rank,F. Wish,3,bc,2060.0,19675.0,24.59375,24.54625,24.6375,0.10470139771283354,0.10047224431810922,0.10879755419818399,,False,True,False
wish_rank,F. Wish,3,subject,2058.0,19658.0,24.5725,24.52625,24.61625,0.10469020246210195,0.10047783626559238,0.1089893035281785,,False,True,False
wish_rank,F. Wish,3,delta,-2.0,-17.0,-0.021249999999998437,-0.08249999999999957,0.048749999999998295,-1.1195250731593775e-05,-0.006082985487636509,0.006264275081666169,0.989,False,True,False
wish_rank,F. Wish,4,bc,1539.0,19675.0,24.59375,24.54625,24.6375,0.07822109275730622,0.0745500972768611,0.08183170441558145,,False,True,False
wish_rank,F. Wish,4,subject,1439.0,19658.0,24.5725,24.52625,24.61625,0.07320174992369519,0.069415325275781,0.07671573843579846,,False,True,False
wish_rank,F. Wish,4,delta,-100.0,-17.0,-0.021249999999998437,-0.08249999999999957,0.048749999999998295,-0.005019342833611037,-0.010112173999277997,8.84786797580029e-05,0.059,False,True,False
wish_rank,F. Wish,5,bc,1413.0,19675.0,24.59375,24.54625,24.6375,0.07181702668360863,0.0681504033558686,0.0754595308049701,,False,True,False
wish_rank,F. Wish,5,subject,1473.0,19658.0,24.5725,24.52625,24.61625,0.07493132566893886,0.07117771047929324,0.07866718946493291,,False,True,False
wish_rank,F. Wish,5,delta,60.0,-17.0,-0.021249999999998437,-0.08249999999999957,0.048749999999998295,0.0031142989853302216,-0.0022321882866042676,0.008151049067278421,0.25,False,True,False
wish_rank,F. Wish,6,bc,350.0,19675.0,24.59375,24.54625,24.6375,0.017789072426937738,0.01600933115402281,0.019630853508267408,,False,True,False
wish_rank,F. Wish,6,subject,393.0,19658.0,24.5725,24.52625,24.61625,0.019991860820022384,0.01805972427125197,0.021884446056542925,,False,True,False
wish_rank,F. Wish,6,delta,43.0,-17.0,-0.021249999999998437,-0.08249999999999957,0.048749999999998295,0.0022027883930846454,-0.0005520560710084008,0.004779687710337837,0.111,False,True,False
wish_rank,F. Wish,7,bc,35.0,19675.0,24.59375,24.54625,24.6375,0.0017789072426937739,0.0012675378090515428,0.002389431595496942,,False,True,False
wish_rank,F. Wish,7,subject,39.0,19658.0,24.5725,24.52625,24.61625,0.001983925119544206,0.0014236286773247292,0.002693229703444213,,False,True,False
wish_rank,F. Wish,7,delta,4.0,-17.0,-0.021249999999998437,-0.08249999999999957,0.048749999999998295,0.00020501787685043194,-0.0006091484161439523,0.0010229854272681028,0.628,False,True,False
wish_rank,F. Wish,8,bc,37.0,19675.0,24.59375,24.54625,24.6375,0.001880559085133418,0.0013201253116834097,0.002590308450366615,,False,True,False
wish_rank,F. Wish,8,subject,37.0,19658.0,24.5725,24.52625,24.61625,0.0018821853698239902,0.0012729075634495294,0.002494908350305499,,False,True,False
wish_rank,F. Wish,8,delta,0.0,-17.0,-0.021249999999998437,-0.08249999999999957,0.048749999999998295,1.6262846905721294e-06,-0.0008656853146539002,0.0008190059936476655,0.987,False,True,False
wish_rank,F. Wish,9,bc,39.0,19675.0,24.59375,24.54625,24.6375,0.001982210927573062,0.0013725039181328553,0.0026392087490605164,,False,True,False
wish_rank,F. Wish,9,subject,42.0,19658.0,24.5725,24.52625,24.61625,0.0021365347441245296,0.0014777804248534876,0.0028465409444416207,,False,True,False
wish_rank,F. Wish,9,delta,3.0,-17.0,-0.021249999999998437,-0.08249999999999957,0.048749999999998295,0.00015432381655146755,-0.0007620491321686251,0.0010668415035743368,0.735,False,True,False
wish_rank,F. Wish,10,bc,229.0,19675.0,24.59375,24.54625,24.6375,0.011639135959339263,0.010219620147938235,0.013177020791403813,,False,True,False
wish_rank,F. Wish,10,subject,225.0,19658.0,24.5725,24.52625,24.61625,0.011445721843524265,0.009966426871335324,0.01298254925664597,,False,True,False
wish_rank,F. Wish,10,delta,-4.0,-17.0,-0.021249999999998437,-0.08249999999999957,0.048749999999998295,-0.0001934141158149976,-0.0023481092749863194,0.001940625778381272,0.844,False,True,False
wish_rank,F. Wish,J,bc,45.0,19675.0,24.59375,24.54625,24.6375,0.002287166454891995,0.0016774983961999662,0.0029946654620581037,,False,True,False
wish_rank,F. Wish,J,subject,45.0,19658.0,24.5725,24.52625,24.61625,0.002289144368704853,0.001676467236877033,0.0029993734512839968,,False,True,False
wish_rank,F. Wish,J,delta,0.0,-17.0,-0.021249999999998437,-0.08249999999999957,0.048749999999998295,1.9779138128580773e-06,-0.0009605881999793355,0.0009169366093711352,1.0,False,True,False
wish_rank,F. Wish,Q,bc,161.0,19675.0,24.59375,24.54625,24.6375,0.008182973316391359,0.006968091736430746,0.00950984869819686,,False,True,False
wish_rank,F. Wish,Q,subject,131.0,19658.0,24.5725,24.52625,24.61625,0.006663953606674128,0.005593381509852048,0.007786299174782971,,False,True,False
wish_rank,F. Wish,Q,delta,-30.0,-17.0,-0.021249999999998437,-0.08249999999999957,0.048749999999998295,-0.001519019709717231,-0.0032430851191163233,0.00013229605188078313,0.067,False,True,False
wish_rank,F. Wish,K,bc,792.0,19675.0,24.59375,24.54625,24.6375,0.04025412960609911,0.03739116501130354,0.04297956079628654,,False,True,False
wish_rank,F. Wish,K,subject,741.0,19658.0,24.5725,24.52625,24.61625,0.037694577271339916,0.03497887459945682,0.040412043757425214,,False,True,False
wish_rank,F. Wish,K,delta,-51.0,-17.0,-0.021249999999998437,-0.08249999999999957,0.048749999999998295,-0.0025595523347591922,-0.0064247258749049385,0.0012613111080374021,0.193,False,True,False
wish_rank,F. Wish,A,bc,4469.0,19675.0,24.59375,24.54625,24.6375,0.227141041931385,0.22125010031339704,0.23309327117219283,,False,True,False
wish_rank,F. Wish,A,subject,4482.0,19658.0,24.5725,24.52625,24.61625,0.22799877912300337,0.22207407821779965,0.2341826155063046,,False,True,False
wish_rank,F. Wish,A,delta,13.0,-17.0,-0.021249999999998437,-0.08249999999999957,0.048749999999998295,0.0008577371916183574,-0.007391431991754589,0.009291116873374444,0.84,False,True,False
wish_gave_opponent,F. Wish,all,bc,5090.0,17538.0,21.9225,21.81746875,22.04125,0.29022693579655606,0.28361139642617367,0.2970671051283775,,False,True,False
wish_gave_opponent,F. Wish,all,subject,5039.0,17505.0,21.88125,21.76746875,21.990031249999998,0.2878606112539274,0.28109494586459016,0.29482486148506065,,False,True,False
wish_gave_opponent,F. Wish,all,delta,-51.0,-33.0,-0.04124999999999801,-0.20253125000000055,0.11253125000000051,-0.0023663245426286394,-0.012122007097719495,0.007234357671350389,0.629,False,True,False
wish_fulfilled,F. Wish,all,bc,17473.0,17538.0,21.9225,21.81746875,22.04125,0.996293762116547,0.9953278948886607,0.9971466398686364,,False,True,False
wish_fulfilled,F. Wish,all,subject,17435.0,17505.0,21.88125,21.76746875,21.990031249999998,0.9960011425307055,0.995083431583445,0.9969294061836379,,False,True,False
wish_fulfilled,F. Wish,all,delta,-38.0,-33.0,-0.04124999999999801,-0.20253125000000055,0.11253125000000051,-0.0002926195858414804,-0.0015835594330497749,0.0010849369914567276,0.665,False,True,False
dragon_give,G. Dragon Assignment,to next opponent,bc,4923.0,17891.0,22.36375,22.26125,22.46878125,0.275166284724163,0.26858246192087504,0.28173046544968755,,False,True,False
dragon_give,G. Dragon Assignment,to next opponent,subject,5108.0,17871.0,22.33875,22.22875,22.44628125,0.28582619886967714,0.2794050432927648,0.29232141117259874,,False,True,False
dragon_give,G. Dragon Assignment,to next opponent,delta,185.0,-20.0,-0.02499999999999858,-0.18249999999999753,0.125,0.010659914145514149,0.0013418965875313799,0.01979869065257643,0.019,False,True,False
dragon_give,G. Dragon Assignment,to opponent with more cards,bc,11246.0,15858.0,19.8225,19.68375,19.96625,0.7091688737545718,0.7019234273846384,0.7161135730242978,,False,True,False
dragon_give,G. Dragon Assignment,to opponent with more cards,subject,11417.0,15914.0,19.8925,19.75375,20.032531249999998,0.717418625109966,0.7103881339047733,0.7246270439718715,,False,True,False
dragon_give,G. Dragon Assignment,to opponent with more cards,delta,171.0,56.0,0.06999999999999673,-0.1299999999999991,0.2788124999999984,0.008249751355394186,-0.0013333795287919197,0.018741059033466276,0.096,False,True,False
dragon_give,G. Dragon Assignment,to a calling opponent,bc,1031.0,17891.0,22.36375,22.26125,22.46878125,0.05762673970152591,0.05431926905371901,0.060934253712571766,,False,True,False
dragon_give,G. Dragon Assignment,to a calling opponent,subject,990.0,17871.0,22.33875,22.22875,22.44628125,0.05539701191875105,0.05214958196657958,0.0585996809267734,,False,True,False
dragon_give,G. Dragon Assignment,to a calling opponent,delta,-41.0,-20.0,-0.02499999999999858,-0.18249999999999753,0.125,-0.0022297277827748596,-0.00686112279798823,0.0023130232824607765,0.361,False,True,False
game,A. Round outcome,rounds_per_game,bc,,2170.0,,,,9.21336405529954,9.107515860271937,9.33085627624825,,False,False,False
game,A. Round outcome,rounds_per_game,subject,,2140.0,,,,9.34158878504673,9.203957137826617,9.433502358490566,,False,False,False
game,A. Round outcome,rounds_per_game,delta,,,,,,0.12822472974719012,-0.056321058711988226,0.2543095363158315,0.228,False,False,False
game,A. Round outcome,win_rate,bc,,2170.0,,,,0.49170506912442397,0.46834088692002557,0.510444303805574,,False,False,False
game,A. Round outcome,win_rate,subject,,2140.0,,,,0.48177570093457944,0.4660193044783136,0.5083672685514472,,False,False,False
game,A. Round outcome,win_rate,delta,,,,,,-0.009929368189844523,-0.03175788041044268,0.02809628113648606,0.874,False,False,False
game,A. Round outcome,margin,bc,,2170.0,,,,-17.456221198156683,-46.39727032473232,11.607595063276483,,False,False,False
game,A. Round outcome,margin,subject,,2140.0,,,,-18.766355140186917,-47.71366099003634,9.459368634242134,,False,False,False
game,A. Round outcome,margin,delta,,,,,,-1.3101339420302338,-43.927150064972665,41.52741306319175,0.925,False,False,False
